{"stats":{"minecraft:killed_by":{"minecraft:player":3,"born_in_chaos_v1:corpse_fly":1,"naturalist:elephant":1},"minecraft:used":{"minecraft:stone_sword":49,"minecraft:stone_pickaxe":180,"minecraft:wooden_pickaxe":61,"minecraft:rotten_flesh":1,"minecraft:torch":7,"minecraft:dirt":4,"minecraft:crafting_table":9,"minecraft:white_bed":2,"minecraft:acacia_sapling":4,"minecraft:granite":2,"minecraft:wooden_axe":43,"born_in_chaos_v1:corpse_maggot":2,"tombstone:magic_scroll":1,"create:asurine":17,"minecraft:gravel":11,"minecraft:stone_axe":50,"minecraft:furnace":1,"tombstone:gift":5,"minecraft:cobbled_deepslate":6,"minecraft:acacia_planks":10},"minecraft:custom":{"minecraft:interact_with_furnace":1,"minecraft:mob_kills":24,"minecraft:interact_with_crafting_table":10,"minecraft:leave_game":4,"minecraft:time_since_death":5313,"minecraft:sleep_in_bed":2,"minecraft:climb_one_cm":532,"minecraft:time_since_rest":2914,"minecraft:sprint_one_cm":70436,"minecraft:damage_taken":1615,"minecraft:walk_one_cm":135292,"minecraft:drop":15,"minecraft:damage_dealt":5288,"minecraft:swim_one_cm":6771,"minecraft:player_kills":1,"minecraft:fly_one_cm":123944,"minecraft:open_chest":4,"minecraft:crouch_one_cm":5317,"minecraft:play_time":59595,"tombstone:undead_killed":20,"minecraft:deaths":6,"minecraft:sneak_time":2187,"minecraft:walk_under_water_one_cm":3009,"minecraft:jump":670,"minecraft:walk_on_water_one_cm":7442,"minecraft:total_world_time":59595,"minecraft:fall_one_cm":15153},"minecraft:dropped":{"farmersdelight:tomato_seeds":1,"minecraft:wheat_seeds":2,"minecraft:rotten_flesh":9,"iceandfire:fire_lily":1,"minecraft:wooden_axe":1,"minecraft:oak_sapling":8,"minecraft:wooden_pickaxe":2,"minecraft:stone_pickaxe":1},"minecraft:killed":{"born_in_chaos_v1:maggot":1,"minecraft:zombie":20,"born_in_chaos_v1:corpse_fly":3},"minecraft:crafted":{"minecraft:oak_planks":20,"minecraft:crafting_table":8,"minecraft:wooden_pickaxe":2,"minecraft:furnace":1,"minecraft:stone_axe":2,"minecraft:stick":28,"minecraft:stone_pickaxe":2,"minecraft:wooden_axe":2,"minecraft:stone_sword":1,"minecraft:white_bed":1,"minecraft:acacia_planks":80,"minecraft:torch":52},"minecraft:broken":{"minecraft:wooden_axe":1},"minecraft:mined":{"minecraft:tuff":4,"minecraft:acacia_leaves":5,"minecraft:spruce_planks":4,"minecraft:white_bed":1,"iceandfire:silver_ore":8,"minecraft:crafting_table":1,"minecraft:granite":2,"minecraft:acacia_log":20,"minecraft:grass_block":5,"minecraft:calcite":19,"minecraft:dead_bush":1,"iceandfire:fire_lily":2,"minecraft:tall_grass":1,"minecraft:copper_ore":12,"farmersdelight:wild_tomatoes":1,"minecraft:moss_block":3,"minecraft:birch_planks":4,"minecraft:coarse_dirt":2,"minecraft:furnace":1,"minecraft:iron_ore":6,"minecraft:cobbled_deepslate":2,"minecraft:dark_oak_stairs":1,"create:asurine":67,"minecraft:grass":3,"minecraft:oak_log":5,"minecraft:coal_ore":17,"minecraft:gravel":20,"minecraft:dirt":18,"minecraft:cobweb":4,"minecraft:stone":81,"minecraft:deepslate":13},"minecraft:picked_up":{"iceandfire:dragon_skull_lightning":1,"born_in_chaos_v1:corpse_maggot":2,"minecraft:crafting_table":1,"minecraft:coarse_dirt":2,"iceandfire:fire_lily":2,"minecraft:birch_planks":4,"minecraft:flint":2,"minecraft:tuff":4,"minecraft:oak_log":5,"minecraft:dirt":23,"minecraft:string":4,"minecraft:raw_copper":44,"minecraft:acacia_planks":3,"minecraft:wheat_seeds":2,"minecraft:cobbled_deepslate":15,"minecraft:spruce_planks":4,"minecraft:iron_ingot":5,"minecraft:stone_pickaxe":1,"minecraft:calcite":19,"minecraft:moss_block":2,"minecraft:acacia_sapling":7,"minecraft:dark_oak_stairs":1,"minecraft:furnace":1,"knightlib:small_essence":4,"minecraft:stick":15,"minecraft:raw_iron":7,"iceandfire:dragonbone":1,"minecraft:acacia_log":20,"minecraft:gravel":18,"farmersdelight:tomato_seeds":3,"tombstone:grave_dust":4,"minecraft:white_bed":1,"minecraft:bundle":2,"minecraft:rotten_flesh":25,"minecraft:granite":2,"create:asurine":67,"tombstone:essence_of_undeath":1,"minecraft:oak_button":1,"tombstone:magic_scroll":1,"minecraft:oak_sapling":8,"minecraft:coal":33,"minecraft:white_wool":3,"iceandfire:raw_silver":7,"minecraft:cobblestone":80}},"DataVersion":3465}