{"stats":{"minecraft:dropped":{"apocalypsenow:human_flesh":3,"tac:light_grenade":16,"cgm:bazooka":2,"minecraft:rotten_flesh":5,"cgm:missile":128,"tac:lpvo_1_6":1,"tac:baseball_grenade":8},"minecraft:picked_up":{"minecraft:stick":2,"minecraft:iron_door":1,"minecraft:andesite":1,"minecraft:stone_slab":1,"create:framed_glass_trapdoor":2,"apocalypsenow:orange_juice":3,"another_furniture:spruce_drawer":1,"embellishcraft:polished_marble":8,"minecraft:quartz_pillar":1,"immersivepetroleum:asphalt":30,"tac:light_grenade":8,"quark:stone_brick_vertical_slab":16,"embellishcraft:polished_marble_slab":4,"minecraft:dirt":325,"minecraft:string":7,"minecraft:stone_stairs":4,"apocalypsenow:coke":4,"minecraft:smooth_stone_slab":5,"quark:smooth_quartz_vertical_slab":1,"apocalypsenow:porpsi":3,"embellishcraft:spruce_plain_door":2,"minecraft:rotten_flesh":7,"tac:baseball_grenade":4,"immersiveengineering:seed":1,"apocalypsenow:human_flesh":5,"embellishcraft:smooth_marble_wall":21,"tac:lpvo_1_6":1,"minecraft:smooth_stone":48,"farmersdelight:cod_slice":3,"tac:9mm_round":1,"cgm:bazooka":1,"embellishcraft:polished_marble_wall":1,"minecraft:cobblestone":104},"minecraft:killed":{"minecraft:sheep":1,"minecraft:zombie":13,"minecraft:chicken":1,"undead_revamp2:thesmoker":2,"minecraft:wandering_trader":1,"minecraft:cow":1},"minecraft:used":{"cgm:assault_rifle":27,"cgm:bazooka":33,"apocalypsenow:human_flesh":3,"cgm:heavy_rifle":3},"minecraft:custom":{"minecraft:time_since_rest":17600,"minecraft:sprint_one_cm":27471,"minecraft:damage_taken":330,"minecraft:walk_one_cm":30504,"minecraft:mob_kills":21,"minecraft:drop":17,"minecraft:fly_one_cm":120272,"minecraft:player_kills":7,"minecraft:play_time":17600,"minecraft:sneak_time":118,"minecraft:jump":187,"minecraft:leave_game":1,"minecraft:time_since_death":17600,"minecraft:total_world_time":17600,"minecraft:climb_one_cm":111,"minecraft:fall_one_cm":888}},"DataVersion":2975}