{"stats":{"minecraft:killed_by":{"born_in_chaos_v1:nightmare_stalker":1,"minecraft:skeleton":1,"iceandfire:lightning_dragon":1},"minecraft:custom":{"minecraft:interact_with_crafting_table":42,"minecraft:open_barrel":47,"minecraft:bell_ring":3,"minecraft:leave_game":4,"minecraft:time_since_death":55430,"minecraft:sprint_one_cm":1028748,"minecraft:damage_blocked_by_shield":285,"minecraft:drop":161,"minecraft:talked_to_villager":4,"minecraft:play_time":332495,"minecraft:deaths":4,"minecraft:jump":6306,"minecraft:walk_on_water_one_cm":42179,"minecraft:interact_with_furnace":15,"minecraft:sleep_in_bed":20,"minecraft:waystone_activated":5,"minecraft:damage_dealt":8605,"minecraft:player_kills":4,"minecraft:crouch_one_cm":28327,"tombstone:undead_killed":19,"minecraft:interact_with_smoker":2,"minecraft:mob_kills":59,"minecraft:damage_dealt_resisted":5,"minecraft:climb_one_cm":3666,"minecraft:walk_one_cm":635168,"minecraft:sneak_time":14094,"minecraft:walk_under_water_one_cm":60729,"minecraft:boat_one_cm":894987,"minecraft:total_world_time":332495,"minecraft:time_since_rest":23772,"minecraft:damage_taken":4589,"minecraft:swim_one_cm":135211,"minecraft:fly_one_cm":1448551,"minecraft:open_chest":111,"minecraft:fall_one_cm":153911},"minecraft:used":{"minecraft:moss_block":1,"minecraft:iron_shovel":22,"minecraft:chest":7,"minecraft:shield":6,"minecraft:iron_sword":74,"minecraft:mutton":4,"minecraft:acacia_sapling":10,"minecraft:obsidian":16,"minecraft:stone_brick_stairs":1,"minecraft:furnace":3,"minecraft:egg":1,"minecraft:stone_pickaxe":92,"minecraft:oak_planks":2,"minecraft:wooden_pickaxe":13,"minecraft:black_glazed_terracotta":2,"minecraft:sand":22,"minecraft:bread":70,"tombstone:grave_key":1,"minecraft:gravel":10,"minecraft:cobweb":1,"minecraft:stone_sword":57,"minecraft:stone_hoe":43,"minecraft:oak_door":2,"minecraft:torch":147,"minecraft:dirt":30,"minecraft:wooden_axe":84,"minecraft:iron_axe":46,"minecraft:iron_boots":2,"minecraft:beef":2,"tombstone:gift":5,"minecraft:acacia_planks":65,"minecraft:cooked_beef":12,"minecraft:cobbled_deepslate":72,"minecraft:iron_leggings":4,"minecraft:cooked_mutton":5,"minecraft:acacia_boat":7,"minecraft:water_bucket":4,"minecraft:crafting_table":16,"minecraft:white_bed":9,"minecraft:diamond_pickaxe":476,"minecraft:apple":10,"minecraft:iron_pickaxe":254,"minecraft:stone_axe":97,"minecraft:cobblestone":154,"minecraft:bucket":3,"minecraft:black_candle":2},"minecraft:dropped":{"minecraft:moss_block":2,"minecraft:glass_bottle":4,"minecraft:diamond":1,"minecraft:flint":4,"minecraft:red_carpet":6,"minecraft:emerald":2,"minecraft:dirt":11,"iceandfire:ash":2,"minecraft:sand":3,"minecraft:iron_pickaxe":2,"minecraft:white_wool":3,"minecraft:bone":3,"minecraft:oak_door":2,"minecraft:iron_nugget":11,"minecraft:rotten_flesh":17,"minecraft:oak_planks":9,"minecraft:white_bed":1,"minecraft:poppy":1,"minecraft:leather_chestplate":1,"create:scoria":2,"born_in_chaos_v1:corpse_maggot":6,"minecraft:leather_boots":1,"minecraft:painting":1,"minecraft:arrow":6,"minecraft:netherrack":12,"minecraft:iron_ingot":1,"minecraft:bread":12,"minecraft:wheat_seeds":6,"minecraft:plenty_pottery_sherd":1,"minecraft:feather":2,"minecraft:coal":1,"minecraft:gray_wool":1,"farmersdelight:golden_knife":1,"born_in_chaos_v1:black_argillite":2,"minecraft:torch":15,"minecraft:wooden_axe":1,"minecraft:fire_charge":1,"minecraft:iron_leggings":19,"minecraft:oak_stairs":2,"minecraft:golden_hoe":1,"minecraft:orange_bed":1,"minecraft:bucket":1,"minecraft:acacia_planks":3,"minecraft:furnace":1,"minecraft:moss_carpet":1,"irons_spellbooks:fire_ale":1,"minecraft:stone_sword":2,"minecraft:tuff":2,"born_in_chaos_v1:rotten_fish":2,"minecraft:white_carpet":3,"minecraft:light_gray_wool":1,"minecraft:clay_ball":2,"minecraft:iron_boots":21,"minecraft:flint_and_steel":2,"minecraft:filled_map":1,"minecraft:oak_button":1,"minecraft:spruce_trapdoor":1,"minecraft:diamond_pickaxe":1,"born_in_chaos_v1:spiny_shell":4,"minecraft:golden_sword":1,"iceandfire:dragon_skull_lightning":1},"minecraft:killed":{"naturalist:zebra":1,"minecraft:cave_spider":4,"minecraft:spider":1,"born_in_chaos_v1:siamese_skeletonsright":1,"minecraft:skeleton":4,"irons_spellbooks:summoned_skeleton":2,"irons_spellbooks:necromancer":3,"minecraft:sheep":8,"born_in_chaos_v1:corpse_fly":10,"born_in_chaos_v1:door_knight":1,"mowziesmobs:umvuthana_raptor":1,"born_in_chaos_v1:siamese_skeletonsleft":1,"minecraft:cow":7,"irons_spellbooks:summoned_zombie":1,"born_in_chaos_v1:thornshell_crab":1,"born_in_chaos_v1:zombie_bruiser":1,"born_in_chaos_v1:corpse_fish":1,"born_in_chaos_v1:baby_skeleton":3,"mowziesmobs:umvuthana_follower_raptor":4,"born_in_chaos_v1:decrepit_skeleton":2,"knightquest:lizzy":1},"minecraft:crafted":{"minecraft:oak_planks":76,"minecraft:cooked_mutton":5,"minecraft:iron_boots":1,"sophisticatedbackpacks:copper_backpack":1,"minecraft:chest":4,"minecraft:stone_hoe":1,"sophisticatedbackpacks:backpack":1,"minecraft:crafting_table":2,"minecraft:spruce_planks":24,"minecraft:wooden_pickaxe":1,"minecraft:iron_helmet":1,"iceandfire:earplugs":1,"minecraft:iron_chestplate":1,"minecraft:diamond_pickaxe":1,"minecraft:shield":1,"minecraft:stick":52,"minecraft:iron_ingot":3,"minecraft:iron_pickaxe":1,"minecraft:stone_sword":1,"minecraft:gold_ingot":27,"minecraft:oak_door":3,"minecraft:furnace":1,"minecraft:iron_axe":1,"minecraft:stone_pickaxe":1,"minecraft:wheat":117,"sophisticatedbackpacks:iron_backpack":1,"minecraft:cooked_beef":2,"minecraft:iron_sword":1,"sophisticatedbackpacks:gold_backpack":1,"minecraft:stone_axe":1,"minecraft:acacia_boat":3,"minecraft:bread":39,"minecraft:air":0,"minecraft:wooden_axe":2,"minecraft:iron_shovel":1,"minecraft:iron_leggings":1,"minecraft:white_bed":1,"minecraft:acacia_planks":96,"minecraft:torch":108},"minecraft:broken":{"minecraft:wooden_axe":1},"minecraft:mined":{"minecraft:spruce_planks":1,"minecraft:white_bed":8,"minecraft:jungle_slab":1,"minecraft:cobblestone_stairs":1,"minecraft:brewing_stand":1,"minecraft:obsidian":16,"minecraft:spruce_trapdoor":1,"minecraft:budding_amethyst":1,"minecraft:acacia_log":25,"minecraft:grass_block":7,"minecraft:oak_pressure_plate":2,"iceandfire:crackled_cobblestone":14,"minecraft:tall_seagrass":2,"minecraft:magma_block":1,"minecraft:iron_ore":48,"minecraft:fire":4,"minecraft:cobbled_deepslate":10,"minecraft:deepslate_lapis_ore":14,"minecraft:cave_vines":1,"minecraft:dirt_path":2,"minecraft:iron_bars":1,"minecraft:black_candle":1,"minecraft:deepslate_redstone_ore":6,"minecraft:torch":3,"minecraft:chest":7,"create:scoria":2,"minecraft:cobblestone":32,"minecraft:sugar_cane":5,"minecraft:wall_torch":2,"minecraft:seagrass":2,"iceandfire:crackled_stone":7,"minecraft:stone_brick_stairs":3,"minecraft:grass":27,"minecraft:oak_log":13,"minecraft:sand":24,"minecraft:dirt":34,"minecraft:wither_skeleton_skull":3,"minecraft:netherrack":24,"minecraft:oak_leaves":1,"minecraft:deepslate":196,"create:zinc_ore":5,"minecraft:diamond_ore":1,"minecraft:red_carpet":6,"minecraft:tuff":3,"iceandfire:silver_ore":3,"minecraft:deepslate_diamond_ore":10,"minecraft:decorated_pot":1,"minecraft:moss_block":2,"minecraft:sandstone":2,"minecraft:large_fern":1,"minecraft:hay_block":39,"minecraft:redstone_ore":4,"minecraft:furnace":3,"minecraft:black_glazed_terracotta":2,"minecraft:gold_block":3,"minecraft:mossy_stone_brick_stairs":1,"minecraft:bookshelf":7,"minecraft:deepslate_iron_ore":52,"irons_spellbooks:inscription_table":1,"minecraft:stone":252,"minecraft:acacia_leaves":14,"minecraft:glass_pane":1,"minecraft:stone_brick_slab":1,"minecraft:crafting_table":16,"minecraft:copper_ore":8,"minecraft:tall_grass":1,"minecraft:deepslate_coal_ore":1,"minecraft:lapis_ore":12,"minecraft:deepslate_gold_ore":5,"minecraft:purple_bed":1,"minecraft:white_carpet":3,"minecraft:spruce_log":5,"minecraft:coal_ore":28,"minecraft:gravel":10,"minecraft:cobweb":51,"minecraft:acacia_planks":46,"minecraft:stone_bricks":2,"minecraft:polished_andesite":1,"minecraft:fern":1},"minecraft:picked_up":{"doom:invisiblesphere":1,"minecraft:oak_stairs":2,"minecraft:enchanted_book":1,"minecraft:stone_brick_stairs":1,"minecraft:brewing_stand":2,"minecraft:golden_sword":1,"born_in_chaos_v1:black_argillite":2,"iceandfire:manuscript":9,"minecraft:string":58,"minecraft:raw_copper":21,"minecraft:iron_leggings":19,"irons_spellbooks:fire_ale":2,"irons_spellbooks:arcane_essence":6,"minecraft:cobbled_deepslate":207,"minecraft:black_glazed_terracotta":2,"irons_spellbooks:inscription_table":2,"minecraft:iron_boots":22,"minecraft:furnace":5,"minecraft:stick":6,"born_in_chaos_v1:shattered_skull":1,"minecraft:torch":11,"minecraft:acacia_log":24,"tombstone:grave_dust":3,"minecraft:orange_bed":1,"minecraft:stone_sword":1,"minecraft:rotten_flesh":17,"create:scoria":2,"born_in_chaos_v1:sea_terror_eye":2,"minecraft:obsidian":16,"minecraft:blaze_powder":2,"minecraft:cobblestone":271,"minecraft:feather":4,"minecraft:cooked_beef":9,"minecraft:golden_leggings":2,"minecraft:flint":4,"minecraft:tuff":2,"create:raw_zinc":5,"minecraft:wither_skeleton_skull":3,"minecraft:acacia_boat":5,"minecraft:lapis_lazuli":169,"minecraft:dirt":43,"knightquest:lizzy_scale":1,"minecraft:bone":18,"minecraft:acacia_planks":61,"minecraft:bow":1,"minecraft:wheat_seeds":7,"minecraft:raw_gold":5,"minecraft:moss_block":3,"minecraft:oak_planks":1,"minecraft:mossy_stone_brick_stairs":1,"minecraft:sand":25,"minecraft:jungle_slab":1,"minecraft:bundle":1,"minecraft:diamond":12,"iceandfire:crackled_stone":6,"minecraft:emerald":13,"minecraft:bread":42,"born_in_chaos_v1:rotten_fish":4,"minecraft:plenty_pottery_sherd":1,"minecraft:netherrack":13,"iceandfire:raw_silver":3,"minecraft:diamond_pickaxe":1,"iceandfire:dragon_skull_lightning":2,"minecraft:crafting_table":17,"minecraft:clay_ball":2,"minecraft:gold_block":3,"minecraft:brick":3,"minecraft:moss_carpet":1,"minecraft:flint_and_steel":1,"minecraft:white_carpet":3,"minecraft:beef":12,"minecraft:iron_nugget":10,"minecraft:poppy":1,"minecraft:light_gray_wool":1,"minecraft:chest":8,"minecraft:sugar_cane":13,"farmersdelight:golden_knife":1,"minecraft:spruce_trapdoor":3,"minecraft:egg":1,"knightlib:small_essence":5,"minecraft:raw_iron":91,"minecraft:sandstone":2,"iceandfire:dragonbone":30,"minecraft:oak_door":2,"minecraft:fire_charge":1,"farmersdelight:tomato_seeds":2,"minecraft:redstone":53,"tombstone:christmas_gift":1,"minecraft:arrow":10,"minecraft:golden_hoe":1,"minecraft:hay_block":37,"born_in_chaos_v1:spiny_shell":4,"iceandfire:earplugs":1,"minecraft:mutton":10,"minecraft:white_wool":6,"born_in_chaos_v1:fused_bone":2,"born_in_chaos_v1:corpse_maggot":6,"minecraft:leather":5,"minecraft:oak_log":13,"minecraft:gunpowder":2,"minecraft:cobblestone_stairs":1,"minecraft:red_carpet":6,"minecraft:stone_bricks":1,"minecraft:iron_ingot":22,"minecraft:glass_bottle":2,"minecraft:acacia_sapling":10,"iceandfire:crackled_cobblestone":12,"minecraft:book":18,"minecraft:black_candle":2,"iceandfire:ash":2,"minecraft:gravel":11,"minecraft:white_bed":10,"minecraft:spruce_log":12,"minecraft:gray_wool":1,"minecraft:oak_button":1,"mowziesmobs:umvuthana_mask_fear":1,"minecraft:coal":37}},"DataVersion":3465}