{"stats":{"minecraft:dropped":{"embellishcraft:polished_marble_slab":4,"apocalypsenow:human_flesh":3,"cgm:advanced_bullet":1,"minecraft:smooth_stone_slab":5,"tac:light_grenade":16,"cgm:bazooka":3,"minecraft:rotten_flesh":5,"cgm:missile":128,"tac:lpvo_1_6":1,"tac:baseball_grenade":8,"minecraft:bone":2,"minecraft:stick":2},"minecraft:picked_up":{"minecraft:stick":4,"minecraft:iron_door":1,"minecraft:andesite":1,"minecraft:stone_slab":1,"minecraft:dandelion":3,"create:framed_glass_trapdoor":2,"apocalypsenow:orange_juice":3,"another_furniture:spruce_drawer":1,"minecraft:oak_log":2,"embellishcraft:polished_marble":8,"minecraft:quartz_pillar":1,"minecraft:spruce_sapling":11,"minecraft:spruce_log":5,"immersivepetroleum:asphalt":30,"tac:light_grenade":8,"quark:stone_brick_vertical_slab":16,"embellishcraft:polished_marble_slab":4,"minecraft:dirt":565,"minecraft:string":11,"minecraft:stone_stairs":4,"apocalypsenow:coke":4,"minecraft:smooth_stone_slab":5,"quark:smooth_quartz_vertical_slab":1,"apocalypsenow:porpsi":3,"embellishcraft:spruce_plain_door":2,"minecraft:bone":2,"minecraft:wheat_seeds":1,"minecraft:rotten_flesh":7,"tac:baseball_grenade":4,"immersiveengineering:seed":1,"apocalypsenow:human_flesh":5,"embellishcraft:smooth_marble_wall":21,"tac:lpvo_1_6":1,"minecraft:smooth_stone":48,"farmersdelight:cod_slice":3,"minecraft:poppy":1,"tac:9mm_round":1,"rocks:cobblestone_splitter":2,"cgm:bazooka":1,"embellishcraft:polished_marble_wall":1,"minecraft:cobblestone":104},"minecraft:killed":{"minecraft:sheep":1,"zombie_extreme:crawler":1,"minecraft:husk":1,"minecraft:zombie":13,"minecraft:chicken":1,"undead_revamp2:thesmoker":2,"minecraft:wandering_trader":1,"minecraft:cow":1},"minecraft:used":{"cgm:assault_rifle":94,"cgm:grenade_launcher":6,"cgm:bazooka":43,"apocalypsenow:human_flesh":3,"cgm:heavy_rifle":3},"minecraft:custom":{"minecraft:time_since_rest":33654,"lootr:looted_stat":1,"minecraft:sprint_one_cm":46472,"minecraft:damage_taken":330,"minecraft:walk_one_cm":59820,"minecraft:mob_kills":23,"minecraft:drop":23,"minecraft:fly_one_cm":448230,"minecraft:player_kills":9,"minecraft:crouch_one_cm":28,"minecraft:play_time":33654,"minecraft:sneak_time":222,"minecraft:walk_under_water_one_cm":1082,"minecraft:jump":322,"minecraft:leave_game":2,"minecraft:walk_on_water_one_cm":196,"minecraft:time_since_death":33654,"minecraft:total_world_time":33654,"minecraft:climb_one_cm":1957,"minecraft:fall_one_cm":888}},"DataVersion":2975}