{"stats":{"minecraft:dropped":{"apocalypsenow:human_flesh":3,"tac:baseball_grenade":4,"tac:light_grenade":8},"minecraft:picked_up":{"tac:baseball_grenade":4,"immersiveengineering:seed":1,"apocalypsenow:human_flesh":5,"tac:light_grenade":8,"minecraft:dirt":240,"minecraft:cobblestone":16},"minecraft:killed":{"minecraft:chicken":1},"minecraft:used":{"cgm:bazooka":4,"apocalypsenow:human_flesh":3,"cgm:heavy_rifle":3},"minecraft:custom":{"minecraft:time_since_rest":5600,"minecraft:play_time":5600,"minecraft:sprint_one_cm":10239,"minecraft:damage_taken":330,"minecraft:walk_one_cm":9197,"minecraft:mob_kills":2,"minecraft:drop":5,"minecraft:jump":74,"minecraft:time_since_death":5600,"minecraft:total_world_time":5600,"minecraft:player_kills":5,"minecraft:fall_one_cm":888,"minecraft:fly_one_cm":11965}},"DataVersion":2975}