{"stats":{"minecraft:killed_by":{"iceandfire:sea_serpent":2,"mowziesmobs:umvuthi":1,"mowziesmobs:umvuthana":1,"minecraft:player":2,"minecraft:iron_golem":1,"born_in_chaos_v1:decaying_zombie":1,"minecraft:skeleton":1,"iceandfire:lightning_dragon":2},"minecraft:custom":{"minecraft:interact_with_crafting_table":26,"minecraft:open_barrel":11,"minecraft:bell_ring":24,"minecraft:eat_cake_slice":4,"minecraft:leave_game":2,"minecraft:time_since_death":54511,"minecraft:sprint_one_cm":1033626,"minecraft:damage_blocked_by_shield":315,"minecraft:drop":72,"minecraft:talked_to_villager":8,"minecraft:play_time":338633,"minecraft:deaths":13,"minecraft:jump":2935,"minecraft:walk_on_water_one_cm":35562,"minecraft:interact_with_furnace":32,"minecraft:sleep_in_bed":19,"minecraft:waystone_activated":1,"minecraft:damage_dealt":8968,"minecraft:crouch_one_cm":37093,"tombstone:undead_killed":12,"minecraft:interact_with_smoker":12,"minecraft:mob_kills":50,"minecraft:climb_one_cm":4850,"minecraft:walk_one_cm":891729,"minecraft:sneak_time":21906,"minecraft:walk_under_water_one_cm":32705,"minecraft:boat_one_cm":819753,"minecraft:interact_with_blast_furnace":7,"minecraft:total_world_time":338633,"minecraft:time_since_rest":23763,"minecraft:damage_taken":5124,"minecraft:swim_one_cm":40452,"minecraft:fly_one_cm":485997,"minecraft:open_chest":190,"minecraft:fall_one_cm":48710},"minecraft:used":{"minecraft:moss_block":1,"mowziesmobs:umvuthana_mask_fear":1,"minecraft:chest":10,"minecraft:shield":5,"minecraft:iron_sword":3,"minecraft:bell":1,"minecraft:rotten_flesh":3,"minecraft:iron_helmet":1,"minecraft:stone_brick_stairs":2,"minecraft:furnace":3,"minecraft:egg":2,"minecraft:stone_pickaxe":219,"minecraft:oak_planks":15,"minecraft:leather_chestplate":1,"minecraft:wooden_pickaxe":13,"minecraft:glow_berries":6,"minecraft:blast_furnace":4,"minecraft:birch_fence":26,"waystones:waystone":1,"sophisticatedbackpacks:backpack":1,"minecraft:bread":11,"tombstone:grave_key":10,"minecraft:oak_pressure_plate":3,"minecraft:gravel":7,"minecraft:grindstone":2,"minecraft:smithing_table":2,"minecraft:smooth_stone_slab":18,"minecraft:coarse_dirt":1,"minecraft:oak_fence":121,"minecraft:stone_sword":213,"minecraft:stone_shovel":216,"minecraft:netherrack":5,"minecraft:oak_door":5,"minecraft:orange_bed":10,"minecraft:torch":174,"minecraft:dirt":172,"minecraft:cobblestone_wall":2,"minecraft:oak_fence_gate":13,"minecraft:wooden_axe":27,"minecraft:oak_stairs":6,"minecraft:acacia_slab":2,"minecraft:cooked_beef":20,"minecraft:cooked_mutton":1,"minecraft:acacia_boat":8,"minecraft:cobblestone_stairs":6,"minecraft:polished_andesite":9,"minecraft:leather_boots":1,"minecraft:mossy_cobblestone":3,"minecraft:crafting_table":12,"minecraft:white_bed":7,"minecraft:smoker":1,"minecraft:oak_log":10,"minecraft:wooden_hoe":35,"minecraft:iron_pickaxe":365,"minecraft:stone_axe":339,"minecraft:cobblestone":115,"minecraft:yellow_bed":22,"minecraft:kelp":1,"minecraft:smooth_stone":13},"minecraft:dropped":{"minecraft:moss_block":3,"minecraft:cooked_beef":5,"tombstone:christmas_gift":1,"minecraft:crafting_table":1,"minecraft:rooted_dirt":4,"born_in_chaos_v1:sea_terror_eye":4,"minecraft:packed_mud":2,"knightquest:lizzy_scale":1,"iceandfire:ash":1,"minecraft:bone":3,"minecraft:oak_door":1,"minecraft:stone_axe":1,"tombstone:gift":2,"minecraft:rotten_flesh":11,"minecraft:poppy":1,"minecraft:oak_fence_gate":2,"create:scoria":6,"minecraft:chest":1,"minecraft:arrow":1,"minecraft:stone_brick_stairs":1,"farmersdelight:tomato_seeds":2,"minecraft:wheat_seeds":11,"minecraft:mossy_cobblestone":1,"minecraft:feather":2,"minecraft:gray_wool":1,"minecraft:torch":1,"minecraft:iron_leggings":5,"minecraft:dandelion":5,"minecraft:moss_carpet":1,"minecraft:kelp":4,"minecraft:coarse_dirt":3,"minecraft:stone_sword":3,"minecraft:tuff":4,"minecraft:light_gray_wool":1,"minecraft:clay_ball":2,"minecraft:iron_boots":2,"minecraft:diamond_pickaxe":1,"minecraft:stone_pickaxe":2},"minecraft:killed":{"naturalist:zebra":1,"minecraft:cave_spider":1,"minecraft:skeleton":4,"minecraft:chicken":3,"irons_spellbooks:summoned_skeleton":1,"minecraft:pig":1,"born_in_chaos_v1:glutton_fish":1,"minecraft:sheep":5,"minecraft:zombie":1,"minecraft:cow":12,"iceandfire:sea_serpent":2,"irons_spellbooks:summoned_zombie":3,"born_in_chaos_v1:thornshell_crab":1,"born_in_chaos_v1:zombie_bruiser":1,"born_in_chaos_v1:maggot":6,"born_in_chaos_v1:baby_spider":1,"born_in_chaos_v1:corpse_fish":1,"born_in_chaos_v1:baby_skeleton":1,"mowziesmobs:umvuthana_follower_raptor":1,"minecraft:squid":1,"born_in_chaos_v1:decrepit_skeleton":1,"knightquest:lizzy":1},"minecraft:crafted":{"minecraft:oak_planks":80,"minecraft:cooked_mutton":1,"minecraft:chest":1,"minecraft:oak_fence":33,"sophisticatedbackpacks:backpack":1,"minecraft:crafting_table":2,"minecraft:acacia_slab":6,"minecraft:wooden_pickaxe":1,"minecraft:smithing_table":1,"minecraft:birch_planks":36,"minecraft:wooden_hoe":1,"minecraft:shield":1,"minecraft:birch_fence":24,"minecraft:stick":60,"minecraft:iron_ingot":31,"minecraft:iron_pickaxe":2,"minecraft:stone_sword":2,"minecraft:gold_ingot":18,"minecraft:stone_shovel":2,"minecraft:furnace":1,"minecraft:stone_pickaxe":2,"sophisticatedbackpacks:iron_backpack":1,"minecraft:cooked_beef":28,"minecraft:iron_sword":1,"sophisticatedbackpacks:gold_backpack":1,"minecraft:stone_axe":3,"minecraft:acacia_boat":1,"minecraft:air":0,"minecraft:wooden_axe":1,"minecraft:acacia_planks":36,"minecraft:torch":108},"minecraft:broken":{"minecraft:stone_pickaxe":1,"minecraft:stone_axe":2,"minecraft:stone_shovel":1,"minecraft:stone_sword":1},"minecraft:mined":{"minecraft:large_amethyst_bud":1,"minecraft:white_bed":8,"minecraft:cobblestone_stairs":6,"minecraft:brewing_stand":2,"minecraft:acacia_log":12,"minecraft:grass_block":23,"minecraft:oak_pressure_plate":2,"minecraft:chiseled_stone_bricks":4,"minecraft:smooth_stone":13,"minecraft:tall_seagrass":1,"minecraft:glowstone":2,"minecraft:iron_ore":41,"minecraft:fire":10,"minecraft:cobbled_deepslate":2,"minecraft:dirt_path":117,"minecraft:oak_stairs":6,"minecraft:iron_bars":2,"minecraft:green_bed":1,"minecraft:orange_bed":10,"minecraft:deepslate_redstone_ore":5,"minecraft:smoker":2,"minecraft:torch":14,"minecraft:blast_furnace":4,"minecraft:poppy":1,"minecraft:chest":14,"minecraft:cobblestone":80,"minecraft:grindstone":2,"minecraft:oak_planks":13,"minecraft:bricks":2,"minecraft:wall_torch":10,"minecraft:seagrass":7,"minecraft:birch_log":9,"minecraft:stripped_oak_wood":5,"minecraft:stone_brick_stairs":28,"minecraft:smooth_stone_slab":18,"minecraft:grass":275,"minecraft:oak_log":101,"minecraft:oak_fence_gate":14,"minecraft:sand":4,"minecraft:dirt":57,"minecraft:netherrack":5,"minecraft:deepslate":50,"minecraft:tuff":14,"minecraft:mossy_cobblestone":4,"minecraft:deepslate_diamond_ore":9,"minecraft:oak_door":7,"born_in_chaos_v1:black_argillite":36,"minecraft:moss_block":1,"minecraft:kelp":1,"minecraft:rooted_dirt":1,"minecraft:hay_block":35,"minecraft:furnace":5,"minecraft:gold_block":2,"minecraft:bell":1,"minecraft:bookshelf":2,"minecraft:deepslate_iron_ore":48,"irons_spellbooks:inscription_table":1,"minecraft:stone":64,"minecraft:smithing_table":1,"minecraft:acacia_leaves":6,"minecraft:glass_pane":1,"minecraft:dandelion":5,"minecraft:oak_fence":92,"minecraft:crafting_table":11,"minecraft:emerald_ore":2,"minecraft:lectern":1,"minecraft:tall_grass":60,"minecraft:copper_ore":12,"minecraft:deepslate_gold_ore":2,"minecraft:coarse_dirt":1,"minecraft:cobblestone_wall":2,"minecraft:yellow_bed":23,"minecraft:coal_ore":73,"minecraft:gravel":18,"minecraft:cobweb":42,"minecraft:acacia_planks":1,"minecraft:stone_bricks":4,"minecraft:polished_andesite":16,"minecraft:gold_ore":1,"minecraft:birch_fence":2},"minecraft:picked_up":{"minecraft:smithing_table":1,"minecraft:oak_stairs":9,"minecraft:potion":2,"minecraft:stone_brick_stairs":29,"minecraft:brewing_stand":4,"born_in_chaos_v1:black_argillite":36,"minecraft:string":38,"minecraft:raw_copper":102,"minecraft:smooth_stone_slab":18,"minecraft:iron_leggings":5,"minecraft:oak_sign":2,"irons_spellbooks:arcane_essence":8,"irons_spellbooks:fire_ale":1,"minecraft:smooth_stone":13,"minecraft:cobbled_deepslate":58,"minecraft:iron_pickaxe":2,"irons_spellbooks:inscription_table":1,"minecraft:iron_boots":2,"minecraft:furnace":6,"minecraft:stick":34,"minecraft:oak_fence":89,"minecraft:torch":75,"minecraft:acacia_log":17,"minecraft:green_bed":1,"minecraft:porkchop":2,"minecraft:orange_bed":10,"minecraft:stone_sword":2,"minecraft:rotten_flesh":17,"create:scoria":6,"born_in_chaos_v1:sea_terror_eye":6,"farmersdelight:onion":2,"minecraft:cobblestone":150,"minecraft:birch_log":9,"minecraft:leather_chestplate":1,"minecraft:feather":8,"minecraft:cooked_beef":2,"minecraft:smoker":3,"minecraft:potato":12,"minecraft:flint":2,"minecraft:tuff":18,"minecraft:acacia_boat":9,"minecraft:dirt":195,"knightquest:lizzy_scale":1,"minecraft:leather_boots":1,"minecraft:bone":3,"minecraft:acacia_planks":14,"minecraft:wheat_seeds":62,"minecraft:raw_gold":3,"minecraft:bell":1,"minecraft:grindstone":2,"minecraft:glowstone_dust":8,"minecraft:moss_block":4,"minecraft:oak_planks":53,"minecraft:oak_pressure_plate":4,"minecraft:sand":5,"minecraft:ink_sac":4,"minecraft:mossy_cobblestone":4,"minecraft:polished_andesite":16,"minecraft:diamond":9,"irons_spellbooks:divine_pearl":6,"waystones:waystone":4,"minecraft:bread":23,"minecraft:emerald":8,"minecraft:oak_sapling":59,"minecraft:rooted_dirt":4,"born_in_chaos_v1:rotten_fish":21,"minecraft:netherrack":5,"minecraft:bricks":4,"born_in_chaos_v1:sea_terror_stomach":1,"minecraft:diamond_pickaxe":1,"iceandfire:dragon_skull_lightning":1,"minecraft:crafting_table":12,"minecraft:coarse_dirt":4,"minecraft:chicken":6,"minecraft:gold_block":3,"minecraft:birch_fence":2,"minecraft:beef":54,"minecraft:poppy":2,"minecraft:light_gray_wool":1,"minecraft:lectern":1,"minecraft:birch_sapling":2,"minecraft:chest":14,"minecraft:egg":2,"knightlib:small_essence":3,"minecraft:raw_iron":99,"iceandfire:dragonbone":16,"minecraft:oak_door":8,"farmersdelight:tomato_seeds":4,"minecraft:redstone":20,"tombstone:christmas_gift":2,"iceandfire:sea_serpent_scales_purple":4,"minecraft:arrow":3,"minecraft:hay_block":87,"mowziesmobs:umvuthana_mask_bliss":1,"born_in_chaos_v1:spiny_shell":6,"minecraft:mutton":15,"minecraft:white_wool":15,"born_in_chaos_v1:corpse_maggot":9,"iceandfire:sea_serpent_fang":18,"minecraft:golden_carrot":1,"minecraft:salmon":4,"minecraft:leather":20,"tombstone:villager_gift":2,"minecraft:packed_mud":2,"minecraft:oak_log":126,"minecraft:yellow_bed":25,"minecraft:cobblestone_wall":2,"minecraft:cobblestone_stairs":9,"minecraft:paper":4,"irons_spellbooks:common_ink":4,"minecraft:apple":22,"minecraft:stone_bricks":4,"minecraft:kelp":6,"minecraft:oak_fence_gate":19,"minecraft:iron_ingot":6,"minecraft:stone_pickaxe":2,"minecraft:stripped_oak_wood":4,"iceandfire:sea_serpent_scales_deepblue":6,"minecraft:acacia_sapling":6,"minecraft:book":6,"minecraft:chiseled_stone_bricks":4,"iceandfire:ash":1,"minecraft:dandelion":10,"minecraft:gravel":13,"minecraft:blast_furnace":5,"minecraft:white_bed":8,"minecraft:slime_ball":4,"minecraft:stone_axe":1,"minecraft:iron_helmet":1,"minecraft:gray_wool":1,"tombstone:magic_scroll":1,"minecraft:acacia_slab":4,"minecraft:coal":216,"minecraft:ender_pearl":2}},"DataVersion":3465}