{"stats":{"minecraft:dropped":{"minecraft:dirt":112,"minecraft:wheat_seeds":2,"minecraft:oak_log":16,"simplylight:lamp_post":1,"minecraft:quartz_block":10,"minecraft:stone_brick_wall":1,"minecraft:oak_sapling":1,"cgm:bazooka":1,"minecraft:cobblestone":32,"minecraft:rotten_flesh":2,"immersivepetroleum:asphalt":3,"tac:lpvo_1_6":2,"apocalypsenow:broken_bottle":1,"immersiveengineering:seed":2,"ftbquests:book":1,"embellishcraft:polished_marble":4},"minecraft:picked_up":{"minecraft:birch_log":7,"minecraft:iron_door":1,"embellishcraft:smooth_marble":7,"create:framed_glass_trapdoor":1,"minecraft:stone_brick_wall":1,"cgm:missile":128,"embellishcraft:polished_marble":4,"minecraft:oak_log":32,"immersivepetroleum:asphalt":3,"tac:light_grenade":8,"minecraft:dirt":304,"minecraft:smooth_stone_slab":3,"minecraft:quartz_block":10,"minecraft:rotten_flesh":3,"tac:baseball_grenade":4,"immersiveengineering:seed":2,"minecraft:wheat_seeds":2,"tac:lpvo_1_6":1,"minecraft:oak_sapling":1,"simplylight:lamp_post":1,"cgm:bazooka":1,"minecraft:birch_sapling":7,"minecraft:smooth_quartz_slab":2,"embellishcraft:polished_marble_wall":7,"minecraft:cobblestone":32},"minecraft:broken":{"minecraft:leather_chestplate":1},"minecraft:used":{"simpleplanes:plane":2},"minecraft:custom":{"minecraft:time_since_rest":8905,"minecraft:sprint_one_cm":52395,"minecraft:damage_taken":5398,"minecraft:walk_one_cm":31209,"minecraft:drop":20,"minecraft:swim_one_cm":5426,"minecraft:fly_one_cm":102555,"minecraft:crouch_one_cm":641,"minecraft:play_time":16129,"minecraft:deaths":8,"minecraft:sneak_time":293,"minecraft:walk_under_water_one_cm":601,"minecraft:jump":260,"minecraft:walk_on_water_one_cm":849,"minecraft:time_since_death":8867,"minecraft:total_world_time":16129,"minecraft:fall_one_cm":9664},"minecraft:killed_by":{"minecraft:player":8}},"DataVersion":2975}