{"stats":{"minecraft:dropped":{"minecraft:dirt":112,"minecraft:wheat_seeds":2,"minecraft:oak_log":16,"simplylight:lamp_post":1,"minecraft:quartz_block":10,"minecraft:stone_brick_wall":1,"create:hand_crank":1,"minecraft:oak_sapling":1,"cgm:bazooka":1,"minecraft:cobblestone":32,"minecraft:rotten_flesh":2,"tac:tec_9":1,"minecraft:spruce_log":9,"immersivepetroleum:asphalt":3,"tac:lpvo_1_6":2,"apocalypsenow:chainsaw":1,"apocalypsenow:broken_bottle":1,"immersiveengineering:seed":14,"ftbquests:book":1,"embellishcraft:polished_marble":4},"minecraft:picked_up":{"minecraft:birch_log":7,"minecraft:iron_door":1,"embellishcraft:smooth_marble":7,"create:framed_glass_trapdoor":1,"minecraft:stone_brick_wall":1,"cgm:missile":128,"embellishcraft:polished_marble":4,"minecraft:oak_log":32,"create:hand_crank":1,"immersivepetroleum:asphalt":3,"tac:light_grenade":8,"minecraft:spruce_log":9,"minecraft:dirt":304,"minecraft:smooth_stone_slab":3,"minecraft:quartz_block":10,"minecraft:bone":2,"minecraft:rotten_flesh":3,"tac:baseball_grenade":4,"immersiveengineering:seed":2,"minecraft:wheat_seeds":3,"tac:lpvo_1_6":1,"tac:9mm_round":1,"minecraft:oak_sapling":2,"simplylight:lamp_post":1,"cgm:bazooka":1,"minecraft:birch_sapling":7,"minecraft:smooth_quartz_slab":2,"embellishcraft:polished_marble_wall":7,"minecraft:cobblestone":32},"minecraft:killed":{"zombiemobs:zombie_sheep":1,"undead_revamp2:thesmoker":2},"minecraft:broken":{"minecraft:leather_chestplate":1},"minecraft:used":{"tac:workbench":8,"apocalypsenow:fire_extinguisher":2,"apocalypsenow:chainsaw":5,"simpleplanes:plane":2,"zombie_extreme:night_vision_glasses_helmet":1,"cgm:heavy_rifle":1},"minecraft:custom":{"minecraft:time_since_rest":632,"lootr:looted_stat":2,"minecraft:sprint_one_cm":71002,"minecraft:damage_taken":6991,"minecraft:walk_one_cm":72200,"minecraft:mob_kills":3,"minecraft:drop":25,"minecraft:damage_dealt":559,"minecraft:swim_one_cm":5426,"minecraft:fly_one_cm":308530,"minecraft:crouch_one_cm":1167,"minecraft:play_time":32183,"minecraft:deaths":10,"minecraft:sneak_time":591,"minecraft:walk_under_water_one_cm":601,"minecraft:damage_dealt_resisted":28,"minecraft:jump":490,"minecraft:walk_on_water_one_cm":849,"minecraft:time_since_death":564,"minecraft:climb_one_cm":881,"minecraft:total_world_time":32183,"minecraft:fall_one_cm":10773},"minecraft:killed_by":{"minecraft:player":10}},"DataVersion":2975}