{"stats":{"minecraft:picked_up":{"minecraft:birch_log":7,"minecraft:oak_log":16,"minecraft:birch_sapling":7,"minecraft:dirt":160},"minecraft:broken":{"minecraft:leather_chestplate":1},"minecraft:custom":{"minecraft:jump":120,"minecraft:time_since_rest":1179,"minecraft:walk_on_water_one_cm":117,"minecraft:deaths":5,"minecraft:crouch_one_cm":217,"minecraft:damage_taken":3318,"minecraft:sprint_one_cm":19592,"minecraft:play_time":4129,"minecraft:time_since_death":1153,"minecraft:walk_one_cm":7630,"minecraft:sneak_time":124,"minecraft:total_world_time":4129,"minecraft:fall_one_cm":5091,"minecraft:fly_one_cm":21563},"minecraft:killed_by":{"minecraft:player":5}},"DataVersion":2975}